datetime,content,amount,type
3/2/2022,Nguyen Van A chuyen tien,40874,Deposit
3/2/2022,Nguyen Van A chuyen tien,-596230,Withdraw
3/2/2022,Nguyen Van A chuyen tien,-355890,Withdraw
3/2/2022,Nguyen Van A chuyen tien,63924,Deposit
3/2/2022,Nguyen Van A chuyen tien,-1392991,Withdraw
3/2/2022,Nguyen Van A chuyen tien,1005741,Deposit
3/2/2022,Nguyen Van A chuyen tien,-661446,Withdraw
3/2/2022,Nguyen Van A chuyen tien,-903396,Withdraw
3/2/2022,Nguyen Van A chuyen tien,394956,Deposit
3/2/2022,Nguyen Van A chuyen tien,-295178,Withdraw
3/2/2022,Nguyen Van A chuyen tien,898588,Deposit
3/2/2022,Nguyen Van A chuyen tien,-400196,Withdraw
3/2/2022,Nguyen Van A chuyen tien,-15661,Withdraw
3/2/2022,Nguyen Van A chuyen tien,1271700,Deposit
3/2/2022,Nguyen Van A chuyen tien,979746,Deposit
3/2/2022,Nguyen Van A chuyen tien,-1143173,Withdraw
3/2/2022,Nguyen Van A chuyen tien,-1264209,Withdraw
3/2/2022,Nguyen Van A chuyen tien,342999,Deposit
3/2/2022,Nguyen Van A chuyen tien,-1224002,Withdraw
3/2/2022,Nguyen Van A chuyen tien,533960,Deposit
3/2/2022,Nguyen Van A chuyen tien,428748,Deposit
3/2/2022,Nguyen Van A chuyen tien,-924438,Withdraw
3/2/2022,Nguyen Van A chuyen tien,107369,Deposit
3/2/2022,Nguyen Van A chuyen tien,772410,Deposit
3/2/2022,Nguyen Van A chuyen tien,336932,Deposit
3/2/2022,Nguyen Van A chuyen tien,-1093686,Withdraw
3/2/2022,Nguyen Van A chuyen tien,-271619,Withdraw
3/2/2022,Nguyen Van A chuyen tien,828272,Deposit
3/2/2022,Nguyen Van A chuyen tien,161647,Deposit
3/2/2022,Nguyen Van A chuyen tien,-1204477,Withdraw
3/2/2022,Nguyen Van A chuyen tien,-1264286,Withdraw
3/2/2022,Nguyen Van A chuyen tien,-1481815,Withdraw
3/2/2022,Nguyen Van A chuyen tien,500726,Deposit
3/2/2022,Nguyen Van A chuyen tien,169697,Deposit
3/2/2022,Nguyen Van A chuyen tien,-934807,Withdraw
3/2/2022,Nguyen Van A chuyen tien,358734,Deposit
3/2/2022,Nguyen Van A chuyen tien,794088,Deposit
3/2/2022,Nguyen Van A chuyen tien,1291227,Deposit
3/2/2022,Nguyen Van A chuyen tien,442238,Deposit
3/2/2022,Nguyen Van A chuyen tien,-492841,Withdraw
3/2/2022,Nguyen Van A chuyen tien,-807765,Withdraw
3/2/2022,Nguyen Van A chuyen tien,-832710,Withdraw
3/2/2022,Nguyen Van A chuyen tien,800169,Deposit
3/2/2022,Nguyen Van A chuyen tien,994555,Deposit
3/2/2022,Nguyen Van A chuyen tien,-78809,Withdraw
3/2/2022,Nguyen Van A chuyen tien,-557420,Withdraw
3/2/2022,Nguyen Van A chuyen tien,1492681,Deposit
3/2/2022,Nguyen Van A chuyen tien,644741,Deposit
3/2/2022,Nguyen Van A chuyen tien,1068018,Deposit
3/2/2022,Nguyen Van A chuyen tien,-1066934,Withdraw
3/2/2022,Nguyen Van A chuyen tien,-168351,Withdraw
3/2/2022,Nguyen Van A chuyen tien,-813404,Withdraw
3/2/2022,Nguyen Van A chuyen tien,-750555,Withdraw
3/2/2022,Nguyen Van A chuyen tien,1238793,Deposit
3/2/2022,Nguyen Van A chuyen tien,811365,Deposit
3/2/2022,Nguyen Van A chuyen tien,1109400,Deposit
3/2/2022,Nguyen Van A chuyen tien,793190,Deposit
3/2/2022,Nguyen Van A chuyen tien,451297,Deposit
3/2/2022,Nguyen Van A chuyen tien,815409,Deposit
3/2/2022,Nguyen Van A chuyen tien,-695111,Withdraw
3/2/2022,Nguyen Van A chuyen tien,972945,Deposit
3/2/2022,Nguyen Van A chuyen tien,1242296,Deposit
3/2/2022,Nguyen Van A chuyen tien,521188,Deposit
3/2/2022,Nguyen Van A chuyen tien,-1308138,Withdraw
3/2/2022,Nguyen Van A chuyen tien,1262526,Deposit
3/2/2022,Nguyen Van A chuyen tien,1268705,Deposit
3/2/2022,Nguyen Van A chuyen tien,-1338940,Withdraw
3/2/2022,Nguyen Van A chuyen tien,144360,Deposit
3/2/2022,Nguyen Van A chuyen tien,-87982,Withdraw
3/2/2022,Nguyen Van A chuyen tien,130388,Deposit
3/2/2022,Nguyen Van A chuyen tien,1050846,Deposit
3/2/2022,Nguyen Van A chuyen tien,1360628,Deposit
3/2/2022,Nguyen Van A chuyen tien,1481350,Deposit
3/2/2022,Nguyen Van A chuyen tien,1014346,Deposit
3/2/2022,Nguyen Van A chuyen tien,1412938,Deposit
3/2/2022,Nguyen Van A chuyen tien,-870435,Withdraw
3/2/2022,Nguyen Van A chuyen tien,-365362,Withdraw
3/2/2022,Nguyen Van A chuyen tien,-635014,Withdraw
3/2/2022,Nguyen Van A chuyen tien,-505014,Withdraw
3/2/2022,Nguyen Van A chuyen tien,-1277683,Withdraw
3/2/2022,Nguyen Van A chuyen tien,213286,Deposit
3/2/2022,Nguyen Van A chuyen tien,219965,Deposit
3/2/2022,Nguyen Van A chuyen tien,225768,Deposit
3/2/2022,Nguyen Van A chuyen tien,366142,Deposit
3/2/2022,Nguyen Van A chuyen tien,1193089,Deposit
3/2/2022,Nguyen Van A chuyen tien,-378097,Withdraw
3/2/2022,Nguyen Van A chuyen tien,-697162,Withdraw
3/2/2022,Nguyen Van A chuyen tien,-418541,Withdraw
3/2/2022,Nguyen Van A chuyen tien,-401312,Withdraw
3/2/2022,Nguyen Van A chuyen tien,-808526,Withdraw
3/2/2022,Nguyen Van A chuyen tien,-424010,Withdraw
3/2/2022,Nguyen Van A chuyen tien,-399656,Withdraw
3/2/2022,Nguyen Van A chuyen tien,145899,Deposit
3/2/2022,Nguyen Van A chuyen tien,-1120418,Withdraw
3/2/2022,Nguyen Van A chuyen tien,-948279,Withdraw
3/2/2022,Nguyen Van A chuyen tien,781633,Deposit
3/2/2022,Nguyen Van A chuyen tien,805381,Deposit
3/2/2022,Nguyen Van A chuyen tien,-348416,Withdraw
3/2/2022,Nguyen Van A chuyen tien,-820002,Withdraw
3/2/2022,Nguyen Van A chuyen tien,1432066,Deposit
3/2/2022,Nguyen Van A chuyen tien,1218395,Deposit
3/2/2022,Nguyen Van A chuyen tien,305480,Deposit
3/2/2022,Nguyen Van A chuyen tien,1401981,Deposit
3/2/2022,Nguyen Van A chuyen tien,-463090,Withdraw
3/2/2022,Nguyen Van A chuyen tien,826230,Deposit
3/2/2022,Nguyen Van A chuyen tien,97023,Deposit
3/2/2022,Nguyen Van A chuyen tien,1383684,Deposit
3/2/2022,Nguyen Van A chuyen tien,-1232074,Withdraw
3/2/2022,Nguyen Van A chuyen tien,432004,Deposit
3/2/2022,Nguyen Van A chuyen tien,-916668,Withdraw
3/2/2022,Nguyen Van A chuyen tien,1179958,Deposit
3/2/2022,Nguyen Van A chuyen tien,1133661,Deposit
3/2/2022,Nguyen Van A chuyen tien,854645,Deposit
3/2/2022,Nguyen Van A chuyen tien,-151675,Withdraw
3/2/2022,Nguyen Van A chuyen tien,-967365,Withdraw
3/2/2022,Nguyen Van A chuyen tien,1117582,Deposit
3/2/2022,Nguyen Van A chuyen tien,396506,Deposit
3/2/2022,Nguyen Van A chuyen tien,8837,Deposit
3/2/2022,Nguyen Van A chuyen tien,164467,Deposit
3/2/2022,Nguyen Van A chuyen tien,-725346,Withdraw
3/2/2022,Nguyen Van A chuyen tien,-200995,Withdraw
3/2/2022,Nguyen Van A chuyen tien,602839,Deposit
3/2/2022,Nguyen Van A chuyen tien,246133,Deposit
3/2/2022,Nguyen Van A chuyen tien,-1062482,Withdraw
3/2/2022,Nguyen Van A chuyen tien,-420531,Withdraw
3/2/2022,Nguyen Van A chuyen tien,-80752,Withdraw
3/2/2022,Nguyen Van A chuyen tien,-1246528,Withdraw
3/2/2022,Nguyen Van A chuyen tien,719526,Deposit
3/2/2022,Nguyen Van A chuyen tien,-286026,Withdraw
3/2/2022,Nguyen Van A chuyen tien,-114843,Withdraw
3/2/2022,Nguyen Van A chuyen tien,1358321,Deposit
3/2/2022,Nguyen Van A chuyen tien,-484731,Withdraw
3/2/2022,Nguyen Van A chuyen tien,-1463330,Withdraw
3/2/2022,Nguyen Van A chuyen tien,-647093,Withdraw
3/2/2022,Nguyen Van A chuyen tien,1092930,Deposit
3/2/2022,Nguyen Van A chuyen tien,-906933,Withdraw
3/2/2022,Nguyen Van A chuyen tien,1115828,Deposit
3/2/2022,Nguyen Van A chuyen tien,-883284,Withdraw
3/2/2022,Nguyen Van A chuyen tien,349683,Deposit
3/2/2022,Nguyen Van A chuyen tien,428830,Deposit
3/2/2022,Nguyen Van A chuyen tien,-579817,Withdraw
3/2/2022,Nguyen Van A chuyen tien,-774736,Withdraw
3/2/2022,Nguyen Van A chuyen tien,206028,Deposit
3/2/2022,Nguyen Van A chuyen tien,-1033148,Withdraw
3/2/2022,Nguyen Van A chuyen tien,-350014,Withdraw
3/2/2022,Nguyen Van A chuyen tien,-1217761,Withdraw
3/2/2022,Nguyen Van A chuyen tien,-1153692,Withdraw
3/2/2022,Nguyen Van A chuyen tien,1257424,Deposit
3/2/2022,Nguyen Van A chuyen tien,-1256228,Withdraw
3/2/2022,Nguyen Van A chuyen tien,321192,Deposit
3/2/2022,Nguyen Van A chuyen tien,889265,Deposit
3/2/2022,Nguyen Van A chuyen tien,572765,Deposit
3/2/2022,Nguyen Van A chuyen tien,733145,Deposit
3/2/2022,Nguyen Van A chuyen tien,-180368,Withdraw
3/2/2022,Nguyen Van A chuyen tien,338383,Deposit
3/2/2022,Nguyen Van A chuyen tien,162927,Deposit
3/2/2022,Nguyen Van A chuyen tien,1191296,Deposit
3/2/2022,Nguyen Van A chuyen tien,-1022991,Withdraw
3/2/2022,Nguyen Van A chuyen tien,-1104273,Withdraw
3/2/2022,Nguyen Van A chuyen tien,-1047394,Withdraw
3/2/2022,Nguyen Van A chuyen tien,-1007482,Withdraw
3/2/2022,Nguyen Van A chuyen tien,424797,Deposit
3/2/2022,Nguyen Van A chuyen tien,1034191,Deposit
3/2/2022,Nguyen Van A chuyen tien,568303,Deposit
3/2/2022,Nguyen Van A chuyen tien,-543146,Withdraw
3/2/2022,Nguyen Van A chuyen tien,-1313854,Withdraw
3/2/2022,Nguyen Van A chuyen tien,1424969,Deposit
3/2/2022,Nguyen Van A chuyen tien,-783009,Withdraw
3/2/2022,Nguyen Van A chuyen tien,-77602,Withdraw
3/2/2022,Nguyen Van A chuyen tien,412431,Deposit
3/2/2022,Nguyen Van A chuyen tien,-132298,Withdraw
3/2/2022,Nguyen Van A chuyen tien,-268294,Withdraw
3/2/2022,Nguyen Van A chuyen tien,-1221165,Withdraw
3/2/2022,Nguyen Van A chuyen tien,1223194,Deposit
3/2/2022,Nguyen Van A chuyen tien,322061,Deposit
3/2/2022,Nguyen Van A chuyen tien,14403,Deposit
3/2/2022,Nguyen Van A chuyen tien,824480,Deposit
3/2/2022,Nguyen Van A chuyen tien,-804459,Withdraw
3/2/2022,Nguyen Van A chuyen tien,120188,Deposit
3/2/2022,Nguyen Van A chuyen tien,123257,Deposit
3/2/2022,Nguyen Van A chuyen tien,10548,Deposit
3/2/2022,Nguyen Van A chuyen tien,976944,Deposit
3/2/2022,Nguyen Van A chuyen tien,-1290099,Withdraw
3/2/2022,Nguyen Van A chuyen tien,625710,Deposit
3/2/2022,Nguyen Van A chuyen tien,194265,Deposit
3/2/2022,Nguyen Van A chuyen tien,-565199,Withdraw
3/2/2022,Nguyen Van A chuyen tien,-1340719,Withdraw
3/2/2022,Nguyen Van A chuyen tien,945878,Deposit
3/2/2022,Nguyen Van A chuyen tien,-937440,Withdraw
3/2/2022,Nguyen Van A chuyen tien,718028,Deposit
3/2/2022,Nguyen Van A chuyen tien,-1153064,Withdraw
3/2/2022,Nguyen Van A chuyen tien,857201,Deposit
3/2/2022,Nguyen Van A chuyen tien,940010,Deposit
3/2/2022,Nguyen Van A chuyen tien,96610,Deposit
3/2/2022,Nguyen Van A chuyen tien,301230,Deposit
3/2/2022,Nguyen Van A chuyen tien,-939271,Withdraw
3/2/2022,Nguyen Van A chuyen tien,-1026242,Withdraw
3/2/2022,Nguyen Van A chuyen tien,158525,Deposit
3/2/2022,Nguyen Van A chuyen tien,989801,Deposit
3/2/2022,Nguyen Van A chuyen tien,-724038,Withdraw
3/2/2022,Nguyen Van A chuyen tien,909785,Deposit
3/2/2022,Nguyen Van A chuyen tien,231724,Deposit
3/2/2022,Nguyen Van A chuyen tien,-912434,Withdraw
3/2/2022,Nguyen Van A chuyen tien,647808,Deposit
3/2/2022,Nguyen Van A chuyen tien,-693031,Withdraw
3/2/2022,Nguyen Van A chuyen tien,1180987,Deposit
3/2/2022,Nguyen Van A chuyen tien,136044,Deposit
3/2/2022,Nguyen Van A chuyen tien,501281,Deposit
3/2/2022,Nguyen Van A chuyen tien,1371095,Deposit
3/2/2022,Nguyen Van A chuyen tien,-22523,Withdraw
3/2/2022,Nguyen Van A chuyen tien,866985,Deposit
3/2/2022,Nguyen Van A chuyen tien,-228653,Withdraw
3/2/2022,Nguyen Van A chuyen tien,-1225820,Withdraw
3/2/2022,Nguyen Van A chuyen tien,-1406127,Withdraw
3/2/2022,Nguyen Van A chuyen tien,741555,Deposit
3/2/2022,Nguyen Van A chuyen tien,-258542,Withdraw
3/2/2022,Nguyen Van A chuyen tien,-404397,Withdraw
3/2/2022,Nguyen Van A chuyen tien,-570157,Withdraw
3/2/2022,Nguyen Van A chuyen tien,36182,Deposit
3/2/2022,Nguyen Van A chuyen tien,1482153,Deposit
3/2/2022,Nguyen Van A chuyen tien,-1471925,Withdraw
3/2/2022,Nguyen Van A chuyen tien,-1426301,Withdraw
3/2/2022,Nguyen Van A chuyen tien,730960,Deposit
3/2/2022,Nguyen Van A chuyen tien,1317389,Deposit
3/2/2022,Nguyen Van A chuyen tien,1316736,Deposit
3/2/2022,Nguyen Van A chuyen tien,359226,Deposit
3/2/2022,Nguyen Van A chuyen tien,499483,Deposit
3/2/2022,Nguyen Van A chuyen tien,213787,Deposit
3/2/2022,Nguyen Van A chuyen tien,-1153658,Withdraw
3/2/2022,Nguyen Van A chuyen tien,766500,Deposit
3/2/2022,Nguyen Van A chuyen tien,-934675,Withdraw
3/2/2022,Nguyen Van A chuyen tien,-872170,Withdraw
3/2/2022,Nguyen Van A chuyen tien,-1423865,Withdraw
3/2/2022,Nguyen Van A chuyen tien,-1307022,Withdraw
3/2/2022,Nguyen Van A chuyen tien,-1286299,Withdraw
3/2/2022,Nguyen Van A chuyen tien,-290878,Withdraw
3/2/2022,Nguyen Van A chuyen tien,-1087948,Withdraw
3/2/2022,Nguyen Van A chuyen tien,1391551,Deposit
3/2/2022,Nguyen Van A chuyen tien,-140660,Withdraw
3/2/2022,Nguyen Van A chuyen tien,-1054357,Withdraw
3/2/2022,Nguyen Van A chuyen tien,796126,Deposit
3/2/2022,Nguyen Van A chuyen tien,771677,Deposit
3/2/2022,Nguyen Van A chuyen tien,-1009444,Withdraw
3/2/2022,Nguyen Van A chuyen tien,-270421,Withdraw
3/2/2022,Nguyen Van A chuyen tien,345499,Deposit
3/2/2022,Nguyen Van A chuyen tien,-23216,Withdraw
3/2/2022,Nguyen Van A chuyen tien,1076628,Deposit
3/2/2022,Nguyen Van A chuyen tien,721092,Deposit
3/2/2022,Nguyen Van A chuyen tien,1344251,Deposit
3/2/2022,Nguyen Van A chuyen tien,-519141,Withdraw
3/2/2022,Nguyen Van A chuyen tien,655593,Deposit
3/2/2022,Nguyen Van A chuyen tien,-1156733,Withdraw
3/2/2022,Nguyen Van A chuyen tien,1214116,Deposit
3/2/2022,Nguyen Van A chuyen tien,236621,Deposit
3/2/2022,Nguyen Van A chuyen tien,28668,Deposit
3/2/2022,Nguyen Van A chuyen tien,-457801,Withdraw
3/2/2022,Nguyen Van A chuyen tien,777804,Deposit
3/2/2022,Nguyen Van A chuyen tien,1302779,Deposit
3/2/2022,Nguyen Van A chuyen tien,-1390649,Withdraw
3/2/2022,Nguyen Van A chuyen tien,-714123,Withdraw
3/2/2022,Nguyen Van A chuyen tien,-11616,Withdraw
3/2/2022,Nguyen Van A chuyen tien,1455419,Deposit
3/2/2022,Nguyen Van A chuyen tien,-46899,Withdraw
3/2/2022,Nguyen Van A chuyen tien,952095,Deposit
3/2/2022,Nguyen Van A chuyen tien,-92993,Withdraw
3/2/2022,Nguyen Van A chuyen tien,1328869,Deposit
3/2/2022,Nguyen Van A chuyen tien,28921,Deposit
3/2/2022,Nguyen Van A chuyen tien,666213,Deposit
3/2/2022,Nguyen Van A chuyen tien,341,Deposit
3/2/2022,Nguyen Van A chuyen tien,-490956,Withdraw
3/2/2022,Nguyen Van A chuyen tien,1163525,Deposit
3/2/2022,Nguyen Van A chuyen tien,-173537,Withdraw
3/2/2022,Nguyen Van A chuyen tien,-825247,Withdraw
3/2/2022,Nguyen Van A chuyen tien,-1277558,Withdraw
3/2/2022,Nguyen Van A chuyen tien,-1082766,Withdraw
3/2/2022,Nguyen Van A chuyen tien,301823,Deposit
3/2/2022,Nguyen Van A chuyen tien,360677,Deposit
3/2/2022,Nguyen Van A chuyen tien,-718344,Withdraw
3/2/2022,Nguyen Van A chuyen tien,-883538,Withdraw
3/2/2022,Nguyen Van A chuyen tien,-1032097,Withdraw
3/2/2022,Nguyen Van A chuyen tien,263067,Deposit
3/2/2022,Nguyen Van A chuyen tien,584648,Deposit
3/2/2022,Nguyen Van A chuyen tien,-1302303,Withdraw
3/2/2022,Nguyen Van A chuyen tien,-1029747,Withdraw
3/2/2022,Nguyen Van A chuyen tien,910904,Deposit
3/2/2022,Nguyen Van A chuyen tien,-358759,Withdraw
3/2/2022,Nguyen Van A chuyen tien,1241231,Deposit
3/2/2022,Nguyen Van A chuyen tien,-917532,Withdraw
3/2/2022,Nguyen Van A chuyen tien,-470934,Withdraw
3/2/2022,Nguyen Van A chuyen tien,-994662,Withdraw
3/2/2022,Nguyen Van A chuyen tien,-1232228,Withdraw
3/2/2022,Nguyen Van A chuyen tien,612327,Deposit
3/2/2022,Nguyen Van A chuyen tien,-1296419,Withdraw
3/2/2022,Nguyen Van A chuyen tien,-104569,Withdraw
3/2/2022,Nguyen Van A chuyen tien,-1213675,Withdraw
3/2/2022,Nguyen Van A chuyen tien,-115351,Withdraw
3/2/2022,Nguyen Van A chuyen tien,244115,Deposit
3/2/2022,Nguyen Van A chuyen tien,339799,Deposit
3/2/2022,Nguyen Van A chuyen tien,-360871,Withdraw
3/2/2022,Nguyen Van A chuyen tien,571779,Deposit
3/2/2022,Nguyen Van A chuyen tien,-34979,Withdraw
3/2/2022,Nguyen Van A chuyen tien,773947,Deposit
3/2/2022,Nguyen Van A chuyen tien,-687820,Withdraw
3/2/2022,Nguyen Van A chuyen tien,187459,Deposit
3/2/2022,Nguyen Van A chuyen tien,-447802,Withdraw
3/2/2022,Nguyen Van A chuyen tien,-494613,Withdraw
3/2/2022,Nguyen Van A chuyen tien,612167,Deposit
3/2/2022,Nguyen Van A chuyen tien,-440011,Withdraw
3/2/2022,Nguyen Van A chuyen tien,-20022,Withdraw
3/2/2022,Nguyen Van A chuyen tien,66472,Deposit
3/2/2022,Nguyen Van A chuyen tien,-770750,Withdraw
3/2/2022,Nguyen Van A chuyen tien,1004014,Deposit
3/2/2022,Nguyen Van A chuyen tien,825808,Deposit
3/2/2022,Nguyen Van A chuyen tien,-954150,Withdraw
3/2/2022,Nguyen Van A chuyen tien,-1471658,Withdraw
3/2/2022,Nguyen Van A chuyen tien,993767,Deposit
3/2/2022,Nguyen Van A chuyen tien,845551,Deposit
3/2/2022,Nguyen Van A chuyen tien,-84250,Withdraw
3/2/2022,Nguyen Van A chuyen tien,-111020,Withdraw
3/2/2022,Nguyen Van A chuyen tien,-1135043,Withdraw
3/2/2022,Nguyen Van A chuyen tien,-1307822,Withdraw
3/2/2022,Nguyen Van A chuyen tien,782050,Deposit
3/2/2022,Nguyen Van A chuyen tien,1441021,Deposit
3/2/2022,Nguyen Van A chuyen tien,-917695,Withdraw
3/2/2022,Nguyen Van A chuyen tien,612929,Deposit
3/2/2022,Nguyen Van A chuyen tien,-1269068,Withdraw
3/2/2022,Nguyen Van A chuyen tien,28491,Deposit
3/2/2022,Nguyen Van A chuyen tien,158888,Deposit
3/2/2022,Nguyen Van A chuyen tien,1410433,Deposit
3/2/2022,Nguyen Van A chuyen tien,1032272,Deposit
3/2/2022,Nguyen Van A chuyen tien,-365920,Withdraw
3/2/2022,Nguyen Van A chuyen tien,-501424,Withdraw
3/2/2022,Nguyen Van A chuyen tien,538001,Deposit
3/2/2022,Nguyen Van A chuyen tien,749779,Deposit
3/2/2022,Nguyen Van A chuyen tien,822344,Deposit
3/2/2022,Nguyen Van A chuyen tien,994239,Deposit
3/2/2022,Nguyen Van A chuyen tien,1384366,Deposit
3/2/2022,Nguyen Van A chuyen tien,179775,Deposit
3/2/2022,Nguyen Van A chuyen tien,-61538,Withdraw
3/2/2022,Nguyen Van A chuyen tien,450294,Deposit
3/2/2022,Nguyen Van A chuyen tien,289207,Deposit
3/2/2022,Nguyen Van A chuyen tien,663181,Deposit
3/2/2022,Nguyen Van A chuyen tien,-1340525,Withdraw
3/2/2022,Nguyen Van A chuyen tien,892258,Deposit
3/2/2022,Nguyen Van A chuyen tien,-509460,Withdraw
3/2/2022,Nguyen Van A chuyen tien,134881,Deposit
3/2/2022,Nguyen Van A chuyen tien,767421,Deposit
3/2/2022,Nguyen Van A chuyen tien,-509389,Withdraw
3/2/2022,Nguyen Van A chuyen tien,538384,Deposit
3/2/2022,Nguyen Van A chuyen tien,-891725,Withdraw
3/2/2022,Nguyen Van A chuyen tien,769512,Deposit
3/2/2022,Nguyen Van A chuyen tien,-769977,Withdraw
3/2/2022,Nguyen Van A chuyen tien,1144000,Deposit
3/2/2022,Nguyen Van A chuyen tien,-488097,Withdraw
3/2/2022,Nguyen Van A chuyen tien,1056773,Deposit
3/2/2022,Nguyen Van A chuyen tien,-136155,Withdraw
3/2/2022,Nguyen Van A chuyen tien,-137545,Withdraw
3/2/2022,Nguyen Van A chuyen tien,-1393614,Withdraw
3/2/2022,Nguyen Van A chuyen tien,-675332,Withdraw
3/2/2022,Nguyen Van A chuyen tien,-569062,Withdraw
3/2/2022,Nguyen Van A chuyen tien,1135022,Deposit
3/2/2022,Nguyen Van A chuyen tien,1292483,Deposit
3/2/2022,Nguyen Van A chuyen tien,-684399,Withdraw
3/2/2022,Nguyen Van A chuyen tien,711054,Deposit
3/2/2022,Nguyen Van A chuyen tien,168822,Deposit
3/2/2022,Nguyen Van A chuyen tien,1337212,Deposit
3/2/2022,Nguyen Van A chuyen tien,663690,Deposit
3/2/2022,Nguyen Van A chuyen tien,356050,Deposit
3/2/2022,Nguyen Van A chuyen tien,1104828,Deposit
3/2/2022,Nguyen Van A chuyen tien,97594,Deposit
3/2/2022,Nguyen Van A chuyen tien,478621,Deposit
3/2/2022,Nguyen Van A chuyen tien,-260015,Withdraw
3/2/2022,Nguyen Van A chuyen tien,-211272,Withdraw
3/2/2022,Nguyen Van A chuyen tien,595534,Deposit
3/2/2022,Nguyen Van A chuyen tien,596848,Deposit
3/2/2022,Nguyen Van A chuyen tien,-8439,Withdraw
3/2/2022,Nguyen Van A chuyen tien,-71685,Withdraw
3/2/2022,Nguyen Van A chuyen tien,-355890,Withdraw
3/2/2022,Nguyen Van A chuyen tien,-1115020,Withdraw
3/2/2022,Nguyen Van A chuyen tien,-1344947,Withdraw
3/2/2022,Nguyen Van A chuyen tien,-725519,Withdraw
3/2/2022,Nguyen Van A chuyen tien,563098,Deposit
3/2/2022,Nguyen Van A chuyen tien,166027,Deposit
3/2/2022,Nguyen Van A chuyen tien,-291810,Withdraw
3/2/2022,Nguyen Van A chuyen tien,1082879,Deposit
3/2/2022,Nguyen Van A chuyen tien,639245,Deposit
3/2/2022,Nguyen Van A chuyen tien,734704,Deposit
3/2/2022,Nguyen Van A chuyen tien,-823131,Withdraw
3/2/2022,Nguyen Van A chuyen tien,-1290458,Withdraw
3/2/2022,Nguyen Van A chuyen tien,-297979,Withdraw
3/2/2022,Nguyen Van A chuyen tien,1380162,Deposit
3/2/2022,Nguyen Van A chuyen tien,590233,Deposit
3/2/2022,Nguyen Van A chuyen tien,-657002,Withdraw
3/2/2022,Nguyen Van A chuyen tien,-1290522,Withdraw
3/2/2022,Nguyen Van A chuyen tien,90125,Deposit
3/2/2022,Nguyen Van A chuyen tien,-794155,Withdraw
3/2/2022,Nguyen Van A chuyen tien,-374275,Withdraw
3/2/2022,Nguyen Van A chuyen tien,-171366,Withdraw
3/2/2022,Nguyen Van A chuyen tien,647855,Deposit
3/2/2022,Nguyen Van A chuyen tien,811388,Deposit
3/2/2022,Nguyen Van A chuyen tien,878712,Deposit
3/2/2022,Nguyen Van A chuyen tien,729284,Deposit
3/2/2022,Nguyen Van A chuyen tien,-259150,Withdraw
3/2/2022,Nguyen Van A chuyen tien,1369873,Deposit
3/2/2022,Nguyen Van A chuyen tien,-36054,Withdraw
3/2/2022,Nguyen Van A chuyen tien,-936422,Withdraw
3/2/2022,Nguyen Van A chuyen tien,-372086,Withdraw
3/2/2022,Nguyen Van A chuyen tien,-12786,Withdraw
3/2/2022,Nguyen Van A chuyen tien,-619916,Withdraw
3/2/2022,Nguyen Van A chuyen tien,-882738,Withdraw
3/2/2022,Nguyen Van A chuyen tien,1161972,Deposit
3/2/2022,Nguyen Van A chuyen tien,-378671,Withdraw
3/2/2022,Nguyen Van A chuyen tien,36564,Deposit
3/2/2022,Nguyen Van A chuyen tien,811214,Deposit
3/2/2022,Nguyen Van A chuyen tien,-91000,Withdraw
3/2/2022,Nguyen Van A chuyen tien,-956858,Withdraw
3/2/2022,Nguyen Van A chuyen tien,389717,Deposit
3/2/2022,Nguyen Van A chuyen tien,-1237922,Withdraw
3/2/2022,Nguyen Van A chuyen tien,-1369911,Withdraw
3/2/2022,Nguyen Van A chuyen tien,-1036987,Withdraw
3/2/2022,Nguyen Van A chuyen tien,-820338,Withdraw
3/2/2022,Nguyen Van A chuyen tien,734833,Deposit
3/2/2022,Nguyen Van A chuyen tien,-1371183,Withdraw
3/2/2022,Nguyen Van A chuyen tien,-1264298,Withdraw
3/2/2022,Nguyen Van A chuyen tien,329975,Deposit
3/2/2022,Nguyen Van A chuyen tien,205600,Deposit
3/2/2022,Nguyen Van A chuyen tien,51630,Deposit
3/2/2022,Nguyen Van A chuyen tien,357046,Deposit
3/2/2022,Nguyen Van A chuyen tien,-173092,Withdraw
3/2/2022,Nguyen Van A chuyen tien,-85026,Withdraw
3/2/2022,Nguyen Van A chuyen tien,-247751,Withdraw
3/2/2022,Nguyen Van A chuyen tien,-1301785,Withdraw
3/2/2022,Nguyen Van A chuyen tien,-163839,Withdraw
3/2/2022,Nguyen Van A chuyen tien,915392,Deposit
3/2/2022,Nguyen Van A chuyen tien,-63444,Withdraw
3/2/2022,Nguyen Van A chuyen tien,272165,Deposit
3/2/2022,Nguyen Van A chuyen tien,-268628,Withdraw
3/2/2022,Nguyen Van A chuyen tien,361442,Deposit
3/2/2022,Nguyen Van A chuyen tien,-1143956,Withdraw
3/2/2022,Nguyen Van A chuyen tien,-133934,Withdraw
3/2/2022,Nguyen Van A chuyen tien,1132980,Deposit
3/2/2022,Nguyen Van A chuyen tien,-830137,Withdraw
3/2/2022,Nguyen Van A chuyen tien,570702,Deposit
3/2/2022,Nguyen Van A chuyen tien,117485,Deposit
3/2/2022,Nguyen Van A chuyen tien,-1411836,Withdraw
3/2/2022,Nguyen Van A chuyen tien,-1229493,Withdraw
3/2/2022,Nguyen Van A chuyen tien,-837003,Withdraw
3/2/2022,Nguyen Van A chuyen tien,56938,Deposit
3/2/2022,Nguyen Van A chuyen tien,378870,Deposit
3/2/2022,Nguyen Van A chuyen tien,-125536,Withdraw
3/2/2022,Nguyen Van A chuyen tien,56194,Deposit
3/2/2022,Nguyen Van A chuyen tien,-708712,Withdraw
3/2/2022,Nguyen Van A chuyen tien,-212213,Withdraw
3/2/2022,Nguyen Van A chuyen tien,-878333,Withdraw
3/2/2022,Nguyen Van A chuyen tien,-273915,Withdraw
3/2/2022,Nguyen Van A chuyen tien,-419369,Withdraw
3/2/2022,Nguyen Van A chuyen tien,408374,Deposit
3/2/2022,Nguyen Van A chuyen tien,-974307,Withdraw
3/2/2022,Nguyen Van A chuyen tien,-86537,Withdraw
3/2/2022,Nguyen Van A chuyen tien,-1342212,Withdraw
3/2/2022,Nguyen Van A chuyen tien,1152393,Deposit
3/2/2022,Nguyen Van A chuyen tien,-843714,Withdraw
3/2/2022,Nguyen Van A chuyen tien,-137613,Withdraw
3/2/2022,Nguyen Van A chuyen tien,843907,Deposit
3/2/2022,Nguyen Van A chuyen tien,688949,Deposit
3/2/2022,Nguyen Van A chuyen tien,793580,Deposit
3/2/2022,Nguyen Van A chuyen tien,-575879,Withdraw
3/2/2022,Nguyen Van A chuyen tien,1353519,Deposit
3/2/2022,Nguyen Van A chuyen tien,1095692,Deposit
3/2/2022,Nguyen Van A chuyen tien,1391461,Deposit
3/2/2022,Nguyen Van A chuyen tien,1019408,Deposit
3/2/2022,Nguyen Van A chuyen tien,627718,Deposit
3/2/2022,Nguyen Van A chuyen tien,-837766,Withdraw
3/2/2022,Nguyen Van A chuyen tien,-954107,Withdraw
3/2/2022,Nguyen Van A chuyen tien,-681324,Withdraw
3/2/2022,Nguyen Van A chuyen tien,-979302,Withdraw
3/2/2022,Nguyen Van A chuyen tien,-998232,Withdraw
3/2/2022,Nguyen Van A chuyen tien,-873081,Withdraw
3/2/2022,Nguyen Van A chuyen tien,96103,Deposit
3/2/2022,Nguyen Van A chuyen tien,-356858,Withdraw
3/2/2022,Nguyen Van A chuyen tien,-896082,Withdraw
3/2/2022,Nguyen Van A chuyen tien,-421207,Withdraw
3/2/2022,Nguyen Van A chuyen tien,73633,Deposit
3/2/2022,Nguyen Van A chuyen tien,-697209,Withdraw
3/2/2022,Nguyen Van A chuyen tien,575937,Deposit
3/2/2022,Nguyen Van A chuyen tien,-201695,Withdraw
3/2/2022,Nguyen Van A chuyen tien,434902,Deposit
3/2/2022,Nguyen Van A chuyen tien,-483563,Withdraw
3/2/2022,Nguyen Van A chuyen tien,1264953,Deposit
3/2/2022,Nguyen Van A chuyen tien,197006,Deposit
3/2/2022,Nguyen Van A chuyen tien,147772,Deposit
3/2/2022,Nguyen Van A chuyen tien,959039,Deposit
3/2/2022,Nguyen Van A chuyen tien,1033312,Deposit
3/2/2022,Nguyen Van A chuyen tien,-38060,Withdraw
3/2/2022,Nguyen Van A chuyen tien,1054159,Deposit
3/2/2022,Nguyen Van A chuyen tien,-1200806,Withdraw
3/2/2022,Nguyen Van A chuyen tien,-424302,Withdraw
3/2/2022,Nguyen Van A chuyen tien,805045,Deposit
3/2/2022,Nguyen Van A chuyen tien,-904026,Withdraw
3/2/2022,Nguyen Van A chuyen tien,-169543,Withdraw
3/2/2022,Nguyen Van A chuyen tien,1374669,Deposit
3/2/2022,Nguyen Van A chuyen tien,-873920,Withdraw
3/2/2022,Nguyen Van A chuyen tien,1240861,Deposit
3/2/2022,Nguyen Van A chuyen tien,722308,Deposit
3/2/2022,Nguyen Van A chuyen tien,563003,Deposit
3/2/2022,Nguyen Van A chuyen tien,303729,Deposit
3/2/2022,Nguyen Van A chuyen tien,-684460,Withdraw
3/2/2022,Nguyen Van A chuyen tien,807827,Deposit
3/2/2022,Nguyen Van A chuyen tien,388031,Deposit
3/2/2022,Nguyen Van A chuyen tien,708994,Deposit
3/2/2022,Nguyen Van A chuyen tien,-1322930,Withdraw
3/2/2022,Nguyen Van A chuyen tien,-378286,Withdraw
3/2/2022,Nguyen Van A chuyen tien,888843,Deposit
3/2/2022,Nguyen Van A chuyen tien,-1492530,Withdraw
3/2/2022,Nguyen Van A chuyen tien,525878,Deposit
3/2/2022,Nguyen Van A chuyen tien,-669113,Withdraw
3/2/2022,Nguyen Van A chuyen tien,-151160,Withdraw
3/2/2022,Nguyen Van A chuyen tien,-529555,Withdraw
3/2/2022,Nguyen Van A chuyen tien,779465,Deposit
3/2/2022,Nguyen Van A chuyen tien,-995438,Withdraw
3/2/2022,Nguyen Van A chuyen tien,-1299989,Withdraw
3/2/2022,Nguyen Van A chuyen tien,-1322509,Withdraw
3/2/2022,Nguyen Van A chuyen tien,1280027,Deposit
3/2/2022,Nguyen Van A chuyen tien,-771880,Withdraw
3/2/2022,Nguyen Van A chuyen tien,-414491,Withdraw
3/2/2022,Nguyen Van A chuyen tien,-563853,Withdraw
3/2/2022,Nguyen Van A chuyen tien,52532,Deposit
3/2/2022,Nguyen Van A chuyen tien,1420682,Deposit
3/2/2022,Nguyen Van A chuyen tien,1157204,Deposit
3/2/2022,Nguyen Van A chuyen tien,435327,Deposit
3/2/2022,Nguyen Van A chuyen tien,1096113,Deposit
3/2/2022,Nguyen Van A chuyen tien,-384344,Withdraw
3/2/2022,Nguyen Van A chuyen tien,-493461,Withdraw
3/2/2022,Nguyen Van A chuyen tien,-222635,Withdraw
3/2/2022,Nguyen Van A chuyen tien,1321343,Deposit
3/2/2022,Nguyen Van A chuyen tien,1080470,Deposit
3/2/2022,Nguyen Van A chuyen tien,-224998,Withdraw
3/2/2022,Nguyen Van A chuyen tien,-360938,Withdraw
3/2/2022,Nguyen Van A chuyen tien,-1303213,Withdraw
3/2/2022,Nguyen Van A chuyen tien,84298,Deposit
3/2/2022,Nguyen Van A chuyen tien,18926,Deposit
3/2/2022,Nguyen Van A chuyen tien,1331982,Deposit
3/2/2022,Nguyen Van A chuyen tien,-453394,Withdraw
3/2/2022,Nguyen Van A chuyen tien,-80734,Withdraw
3/2/2022,Nguyen Van A chuyen tien,1335301,Deposit
3/2/2022,Nguyen Van A chuyen tien,-119930,Withdraw
3/2/2022,Nguyen Van A chuyen tien,1091019,Deposit
3/2/2022,Nguyen Van A chuyen tien,495074,Deposit
3/2/2022,Nguyen Van A chuyen tien,879058,Deposit
3/2/2022,Nguyen Van A chuyen tien,-566808,Withdraw
3/2/2022,Nguyen Van A chuyen tien,126673,Deposit
3/2/2022,Nguyen Van A chuyen tien,-1159182,Withdraw
3/2/2022,Nguyen Van A chuyen tien,368499,Deposit
3/2/2022,Nguyen Van A chuyen tien,531701,Deposit
3/2/2022,Nguyen Van A chuyen tien,-1316251,Withdraw
3/2/2022,Nguyen Van A chuyen tien,-295722,Withdraw
3/2/2022,Nguyen Van A chuyen tien,-276531,Withdraw
3/2/2022,Nguyen Van A chuyen tien,1318695,Deposit
3/2/2022,Nguyen Van A chuyen tien,960073,Deposit
3/2/2022,Nguyen Van A chuyen tien,-891361,Withdraw
3/2/2022,Nguyen Van A chuyen tien,-548262,Withdraw
3/2/2022,Nguyen Van A chuyen tien,273764,Deposit
3/2/2022,Nguyen Van A chuyen tien,559748,Deposit
3/2/2022,Nguyen Van A chuyen tien,-723105,Withdraw
3/2/2022,Nguyen Van A chuyen tien,1468951,Deposit
3/2/2022,Nguyen Van A chuyen tien,-700262,Withdraw
3/2/2022,Nguyen Van A chuyen tien,-371639,Withdraw
3/2/2022,Nguyen Van A chuyen tien,1198215,Deposit
3/2/2022,Nguyen Van A chuyen tien,348879,Deposit
3/2/2022,Nguyen Van A chuyen tien,-852743,Withdraw
3/2/2022,Nguyen Van A chuyen tien,-923810,Withdraw
3/2/2022,Nguyen Van A chuyen tien,349887,Deposit
3/2/2022,Nguyen Van A chuyen tien,-483034,Withdraw
3/2/2022,Nguyen Van A chuyen tien,-707845,Withdraw
3/2/2022,Nguyen Van A chuyen tien,1102702,Deposit
3/2/2022,Nguyen Van A chuyen tien,1230748,Deposit
3/2/2022,Nguyen Van A chuyen tien,-1272129,Withdraw
3/2/2022,Nguyen Van A chuyen tien,405155,Deposit
3/2/2022,Nguyen Van A chuyen tien,-88052,Withdraw
3/2/2022,Nguyen Van A chuyen tien,255836,Deposit
3/2/2022,Nguyen Van A chuyen tien,-416431,Withdraw
3/2/2022,Nguyen Van A chuyen tien,-508680,Withdraw
3/2/2022,Nguyen Van A chuyen tien,-1418510,Withdraw
3/2/2022,Nguyen Van A chuyen tien,1160542,Deposit
3/2/2022,Nguyen Van A chuyen tien,-909165,Withdraw
3/2/2022,Nguyen Van A chuyen tien,53974,Deposit
3/2/2022,Nguyen Van A chuyen tien,806485,Deposit
3/2/2022,Nguyen Van A chuyen tien,365979,Deposit
3/2/2022,Nguyen Van A chuyen tien,-1377511,Withdraw
3/2/2022,Nguyen Van A chuyen tien,734244,Deposit
3/2/2022,Nguyen Van A chuyen tien,-794840,Withdraw
3/2/2022,Nguyen Van A chuyen tien,-292754,Withdraw
3/2/2022,Nguyen Van A chuyen tien,437685,Deposit
3/2/2022,Nguyen Van A chuyen tien,1063578,Deposit
3/2/2022,Nguyen Van A chuyen tien,-755307,Withdraw
3/2/2022,Nguyen Van A chuyen tien,1473096,Deposit
3/2/2022,Nguyen Van A chuyen tien,-155836,Withdraw
3/2/2022,Nguyen Van A chuyen tien,170979,Deposit
3/2/2022,Nguyen Van A chuyen tien,137847,Deposit
3/2/2022,Nguyen Van A chuyen tien,1368048,Deposit
3/2/2022,Nguyen Van A chuyen tien,-1307177,Withdraw
3/2/2022,Nguyen Van A chuyen tien,350549,Deposit
3/2/2022,Nguyen Van A chuyen tien,226607,Deposit
3/2/2022,Nguyen Van A chuyen tien,-354871,Withdraw
3/2/2022,Nguyen Van A chuyen tien,519885,Deposit
3/2/2022,Nguyen Van A chuyen tien,-700316,Withdraw
3/2/2022,Nguyen Van A chuyen tien,-966248,Withdraw
3/2/2022,Nguyen Van A chuyen tien,-333467,Withdraw
3/2/2022,Nguyen Van A chuyen tien,-44248,Withdraw
3/2/2022,Nguyen Van A chuyen tien,-931793,Withdraw
3/2/2022,Nguyen Van A chuyen tien,-1379798,Withdraw
3/2/2022,Nguyen Van A chuyen tien,-476434,Withdraw
3/2/2022,Nguyen Van A chuyen tien,798840,Deposit
3/2/2022,Nguyen Van A chuyen tien,-166472,Withdraw
3/2/2022,Nguyen Van A chuyen tien,-1145089,Withdraw
3/2/2022,Nguyen Van A chuyen tien,483494,Deposit
3/2/2022,Nguyen Van A chuyen tien,300576,Deposit
3/2/2022,Nguyen Van A chuyen tien,-1269182,Withdraw
3/2/2022,Nguyen Van A chuyen tien,-668487,Withdraw
3/2/2022,Nguyen Van A chuyen tien,-1114607,Withdraw
3/2/2022,Nguyen Van A chuyen tien,1303983,Deposit
3/2/2022,Nguyen Van A chuyen tien,-68529,Withdraw
3/2/2022,Nguyen Van A chuyen tien,-1092030,Withdraw
3/2/2022,Nguyen Van A chuyen tien,421468,Deposit
3/2/2022,Nguyen Van A chuyen tien,483858,Deposit
3/2/2022,Nguyen Van A chuyen tien,-125745,Withdraw
3/2/2022,Nguyen Van A chuyen tien,1349052,Deposit
3/2/2022,Nguyen Van A chuyen tien,1126467,Deposit
3/2/2022,Nguyen Van A chuyen tien,-1476210,Withdraw
3/2/2022,Nguyen Van A chuyen tien,1397718,Deposit
3/2/2022,Nguyen Van A chuyen tien,-1231187,Withdraw
3/2/2022,Nguyen Van A chuyen tien,843361,Deposit
3/2/2022,Nguyen Van A chuyen tien,-249338,Withdraw
3/2/2022,Nguyen Van A chuyen tien,-232416,Withdraw
3/2/2022,Nguyen Van A chuyen tien,1108304,Deposit
3/2/2022,Nguyen Van A chuyen tien,1439120,Deposit
3/2/2022,Nguyen Van A chuyen tien,770442,Deposit
3/2/2022,Nguyen Van A chuyen tien,-3683,Withdraw
3/2/2022,Nguyen Van A chuyen tien,-678984,Withdraw
3/2/2022,Nguyen Van A chuyen tien,-651104,Withdraw
3/2/2022,Nguyen Van A chuyen tien,615745,Deposit
3/2/2022,Nguyen Van A chuyen tien,-1006527,Withdraw
3/2/2022,Nguyen Van A chuyen tien,-868126,Withdraw
3/2/2022,Nguyen Van A chuyen tien,-292391,Withdraw
3/2/2022,Nguyen Van A chuyen tien,1247385,Deposit
3/2/2022,Nguyen Van A chuyen tien,130443,Deposit
3/2/2022,Nguyen Van A chuyen tien,186289,Deposit
3/2/2022,Nguyen Van A chuyen tien,284248,Deposit
3/2/2022,Nguyen Van A chuyen tien,-1496876,Withdraw
3/2/2022,Nguyen Van A chuyen tien,-417574,Withdraw
3/2/2022,Nguyen Van A chuyen tien,-1385208,Withdraw
3/2/2022,Nguyen Van A chuyen tien,-1384912,Withdraw
3/2/2022,Nguyen Van A chuyen tien,-535466,Withdraw
3/2/2022,Nguyen Van A chuyen tien,-889600,Withdraw
3/2/2022,Nguyen Van A chuyen tien,146228,Deposit
3/2/2022,Nguyen Van A chuyen tien,642784,Deposit
3/2/2022,Nguyen Van A chuyen tien,167499,Deposit
3/2/2022,Nguyen Van A chuyen tien,1489359,Deposit
3/2/2022,Nguyen Van A chuyen tien,416038,Deposit
3/2/2022,Nguyen Van A chuyen tien,-118431,Withdraw
3/2/2022,Nguyen Van A chuyen tien,-1182404,Withdraw
3/2/2022,Nguyen Van A chuyen tien,13951,Deposit
3/2/2022,Nguyen Van A chuyen tien,-1350609,Withdraw
3/2/2022,Nguyen Van A chuyen tien,1454427,Deposit
3/2/2022,Nguyen Van A chuyen tien,1308924,Deposit
3/2/2022,Nguyen Van A chuyen tien,-410124,Withdraw
3/2/2022,Nguyen Van A chuyen tien,246780,Deposit
3/2/2022,Nguyen Van A chuyen tien,1424493,Deposit
3/2/2022,Nguyen Van A chuyen tien,840902,Deposit
3/2/2022,Nguyen Van A chuyen tien,1006404,Deposit
3/2/2022,Nguyen Van A chuyen tien,-579815,Withdraw
3/2/2022,Nguyen Van A chuyen tien,-1274150,Withdraw
3/2/2022,Nguyen Van A chuyen tien,1035739,Deposit
3/2/2022,Nguyen Van A chuyen tien,-292532,Withdraw
3/2/2022,Nguyen Van A chuyen tien,1436659,Deposit
3/2/2022,Nguyen Van A chuyen tien,-280289,Withdraw
3/2/2022,Nguyen Van A chuyen tien,426219,Deposit
3/2/2022,Nguyen Van A chuyen tien,-249518,Withdraw
3/2/2022,Nguyen Van A chuyen tien,949548,Deposit
3/2/2022,Nguyen Van A chuyen tien,-275459,Withdraw
3/2/2022,Nguyen Van A chuyen tien,786629,Deposit
3/2/2022,Nguyen Van A chuyen tien,-362937,Withdraw
3/2/2022,Nguyen Van A chuyen tien,-1006887,Withdraw
3/2/2022,Nguyen Van A chuyen tien,-1286758,Withdraw
3/2/2022,Nguyen Van A chuyen tien,1081639,Deposit
3/2/2022,Nguyen Van A chuyen tien,-860841,Withdraw
3/2/2022,Nguyen Van A chuyen tien,185255,Deposit
3/2/2022,Nguyen Van A chuyen tien,1248871,Deposit
3/2/2022,Nguyen Van A chuyen tien,870818,Deposit
3/2/2022,Nguyen Van A chuyen tien,-454636,Withdraw
3/2/2022,Nguyen Van A chuyen tien,-874793,Withdraw
3/2/2022,Nguyen Van A chuyen tien,1104862,Deposit
3/2/2022,Nguyen Van A chuyen tien,14004,Deposit
3/2/2022,Nguyen Van A chuyen tien,-408871,Withdraw
3/2/2022,Nguyen Van A chuyen tien,-1415349,Withdraw
3/2/2022,Nguyen Van A chuyen tien,320874,Deposit
3/2/2022,Nguyen Van A chuyen tien,-726220,Withdraw
3/2/2022,Nguyen Van A chuyen tien,-1106859,Withdraw
3/2/2022,Nguyen Van A chuyen tien,-895945,Withdraw
3/2/2022,Nguyen Van A chuyen tien,-429124,Withdraw
3/2/2022,Nguyen Van A chuyen tien,-871829,Withdraw
3/2/2022,Nguyen Van A chuyen tien,242475,Deposit
3/2/2022,Nguyen Van A chuyen tien,-1064057,Withdraw
3/2/2022,Nguyen Van A chuyen tien,288857,Deposit
3/2/2022,Nguyen Van A chuyen tien,-379162,Withdraw
3/2/2022,Nguyen Van A chuyen tien,1331838,Deposit
3/2/2022,Nguyen Van A chuyen tien,-1392305,Withdraw
3/2/2022,Nguyen Van A chuyen tien,13910,Deposit
3/2/2022,Nguyen Van A chuyen tien,1201690,Deposit
3/2/2022,Nguyen Van A chuyen tien,-1497943,Withdraw
3/2/2022,Nguyen Van A chuyen tien,-127989,Withdraw
3/2/2022,Nguyen Van A chuyen tien,-1265369,Withdraw
3/2/2022,Nguyen Van A chuyen tien,558473,Deposit
3/2/2022,Nguyen Van A chuyen tien,-953596,Withdraw
3/2/2022,Nguyen Van A chuyen tien,-1260887,Withdraw
3/2/2022,Nguyen Van A chuyen tien,-1064739,Withdraw
3/2/2022,Nguyen Van A chuyen tien,-793119,Withdraw
3/2/2022,Nguyen Van A chuyen tien,923496,Deposit
3/2/2022,Nguyen Van A chuyen tien,-1153665,Withdraw
3/2/2022,Nguyen Van A chuyen tien,-978819,Withdraw
3/2/2022,Nguyen Van A chuyen tien,540583,Deposit
3/2/2022,Nguyen Van A chuyen tien,1376969,Deposit
3/2/2022,Nguyen Van A chuyen tien,-339416,Withdraw
3/2/2022,Nguyen Van A chuyen tien,713635,Deposit
3/2/2022,Nguyen Van A chuyen tien,-1421373,Withdraw
3/2/2022,Nguyen Van A chuyen tien,-267628,Withdraw
3/2/2022,Nguyen Van A chuyen tien,-1467581,Withdraw
3/2/2022,Nguyen Van A chuyen tien,35058,Deposit
3/2/2022,Nguyen Van A chuyen tien,397432,Deposit
3/2/2022,Nguyen Van A chuyen tien,-999554,Withdraw
3/2/2022,Nguyen Van A chuyen tien,643031,Deposit
3/2/2022,Nguyen Van A chuyen tien,141295,Deposit
3/2/2022,Nguyen Van A chuyen tien,138073,Deposit
3/2/2022,Nguyen Van A chuyen tien,940552,Deposit
3/2/2022,Nguyen Van A chuyen tien,-945272,Withdraw
3/2/2022,Nguyen Van A chuyen tien,1376744,Deposit
3/2/2022,Nguyen Van A chuyen tien,-195495,Withdraw
3/2/2022,Nguyen Van A chuyen tien,-545491,Withdraw
3/2/2022,Nguyen Van A chuyen tien,-810802,Withdraw
3/2/2022,Nguyen Van A chuyen tien,1361923,Deposit
3/2/2022,Nguyen Van A chuyen tien,770573,Deposit
3/2/2022,Nguyen Van A chuyen tien,31511,Deposit
3/2/2022,Nguyen Van A chuyen tien,-252017,Withdraw
3/2/2022,Nguyen Van A chuyen tien,-175525,Withdraw
3/2/2022,Nguyen Van A chuyen tien,1305146,Deposit
3/2/2022,Nguyen Van A chuyen tien,-341033,Withdraw
3/2/2022,Nguyen Van A chuyen tien,943230,Deposit
3/2/2022,Nguyen Van A chuyen tien,-1451238,Withdraw
3/2/2022,Nguyen Van A chuyen tien,430829,Deposit
3/2/2022,Nguyen Van A chuyen tien,-1488793,Withdraw
3/2/2022,Nguyen Van A chuyen tien,-1383316,Withdraw
3/2/2022,Nguyen Van A chuyen tien,-1139315,Withdraw
3/2/2022,Nguyen Van A chuyen tien,646887,Deposit
3/2/2022,Nguyen Van A chuyen tien,-1162060,Withdraw
3/2/2022,Nguyen Van A chuyen tien,1314931,Deposit
3/2/2022,Nguyen Van A chuyen tien,-72802,Withdraw
3/2/2022,Nguyen Van A chuyen tien,-407397,Withdraw
3/2/2022,Nguyen Van A chuyen tien,237563,Deposit
3/2/2022,Nguyen Van A chuyen tien,956152,Deposit
3/2/2022,Nguyen Van A chuyen tien,-569441,Withdraw
3/2/2022,Nguyen Van A chuyen tien,1280318,Deposit
3/2/2022,Nguyen Van A chuyen tien,-986597,Withdraw
3/2/2022,Nguyen Van A chuyen tien,-876787,Withdraw
3/2/2022,Nguyen Van A chuyen tien,-909685,Withdraw
3/2/2022,Nguyen Van A chuyen tien,-77831,Withdraw
3/2/2022,Nguyen Van A chuyen tien,28180,Deposit
3/2/2022,Nguyen Van A chuyen tien,-1019143,Withdraw
3/2/2022,Nguyen Van A chuyen tien,-807312,Withdraw
3/2/2022,Nguyen Van A chuyen tien,-36923,Withdraw
3/2/2022,Nguyen Van A chuyen tien,-913768,Withdraw
3/2/2022,Nguyen Van A chuyen tien,-446672,Withdraw
3/2/2022,Nguyen Van A chuyen tien,932998,Deposit
3/2/2022,Nguyen Van A chuyen tien,950876,Deposit
3/2/2022,Nguyen Van A chuyen tien,-758203,Withdraw
3/2/2022,Nguyen Van A chuyen tien,292609,Deposit
3/2/2022,Nguyen Van A chuyen tien,-92706,Withdraw
3/2/2022,Nguyen Van A chuyen tien,693800,Deposit
3/2/2022,Nguyen Van A chuyen tien,-528407,Withdraw
3/2/2022,Nguyen Van A chuyen tien,-811984,Withdraw
3/2/2022,Nguyen Van A chuyen tien,1262254,Deposit
3/2/2022,Nguyen Van A chuyen tien,-1352571,Withdraw
3/2/2022,Nguyen Van A chuyen tien,-269728,Withdraw
3/2/2022,Nguyen Van A chuyen tien,899581,Deposit
3/2/2022,Nguyen Van A chuyen tien,800775,Deposit
3/2/2022,Nguyen Van A chuyen tien,-613297,Withdraw
3/2/2022,Nguyen Van A chuyen tien,251260,Deposit
3/2/2022,Nguyen Van A chuyen tien,484365,Deposit
3/2/2022,Nguyen Van A chuyen tien,835437,Deposit
3/2/2022,Nguyen Van A chuyen tien,505846,Deposit
3/2/2022,Nguyen Van A chuyen tien,-964866,Withdraw
3/2/2022,Nguyen Van A chuyen tien,-576099,Withdraw
3/2/2022,Nguyen Van A chuyen tien,-1318100,Withdraw
3/2/2022,Nguyen Van A chuyen tien,481567,Deposit
3/2/2022,Nguyen Van A chuyen tien,525148,Deposit
3/2/2022,Nguyen Van A chuyen tien,1437647,Deposit
3/2/2022,Nguyen Van A chuyen tien,-1222064,Withdraw
3/2/2022,Nguyen Van A chuyen tien,681170,Deposit
3/2/2022,Nguyen Van A chuyen tien,-760666,Withdraw
3/2/2022,Nguyen Van A chuyen tien,914552,Deposit
3/2/2022,Nguyen Van A chuyen tien,-1443855,Withdraw
3/2/2022,Nguyen Van A chuyen tien,-344095,Withdraw
3/2/2022,Nguyen Van A chuyen tien,837113,Deposit
3/2/2022,Nguyen Van A chuyen tien,1468163,Deposit
3/2/2022,Nguyen Van A chuyen tien,-1352321,Withdraw
3/2/2022,Nguyen Van A chuyen tien,-1069385,Withdraw
3/2/2022,Nguyen Van A chuyen tien,-1245486,Withdraw
3/2/2022,Nguyen Van A chuyen tien,-1082502,Withdraw
3/2/2022,Nguyen Van A chuyen tien,-1477632,Withdraw
3/2/2022,Nguyen Van A chuyen tien,24244,Deposit
3/2/2022,Nguyen Van A chuyen tien,-1011194,Withdraw
3/2/2022,Nguyen Van A chuyen tien,-550379,Withdraw
3/2/2022,Nguyen Van A chuyen tien,209355,Deposit
3/2/2022,Nguyen Van A chuyen tien,1372971,Deposit
3/2/2022,Nguyen Van A chuyen tien,1218197,Deposit
3/2/2022,Nguyen Van A chuyen tien,-657457,Withdraw
3/2/2022,Nguyen Van A chuyen tien,250338,Deposit
3/2/2022,Nguyen Van A chuyen tien,-197504,Withdraw
3/2/2022,Nguyen Van A chuyen tien,89047,Deposit
3/2/2022,Nguyen Van A chuyen tien,-538695,Withdraw
3/2/2022,Nguyen Van A chuyen tien,-1222125,Withdraw
3/2/2022,Nguyen Van A chuyen tien,-128742,Withdraw
3/2/2022,Nguyen Van A chuyen tien,-496206,Withdraw
3/2/2022,Nguyen Van A chuyen tien,-711005,Withdraw
3/2/2022,Nguyen Van A chuyen tien,243854,Deposit
3/2/2022,Nguyen Van A chuyen tien,-1236484,Withdraw
3/2/2022,Nguyen Van A chuyen tien,1383971,Deposit
3/2/2022,Nguyen Van A chuyen tien,-291348,Withdraw
3/2/2022,Nguyen Van A chuyen tien,497203,Deposit
3/2/2022,Nguyen Van A chuyen tien,167388,Deposit
3/2/2022,Nguyen Van A chuyen tien,-697371,Withdraw
3/2/2022,Nguyen Van A chuyen tien,1497514,Deposit
3/2/2022,Nguyen Van A chuyen tien,484956,Deposit
3/2/2022,Nguyen Van A chuyen tien,198148,Deposit
3/2/2022,Nguyen Van A chuyen tien,-1289620,Withdraw
3/2/2022,Nguyen Van A chuyen tien,-602710,Withdraw
3/2/2022,Nguyen Van A chuyen tien,-633308,Withdraw
3/2/2022,Nguyen Van A chuyen tien,1067525,Deposit
3/2/2022,Nguyen Van A chuyen tien,-1440515,Withdraw
3/2/2022,Nguyen Van A chuyen tien,49613,Deposit
3/2/2022,Nguyen Van A chuyen tien,342747,Deposit
3/2/2022,Nguyen Van A chuyen tien,583528,Deposit
3/2/2022,Nguyen Van A chuyen tien,1308541,Deposit
3/2/2022,Nguyen Van A chuyen tien,-769513,Withdraw
3/2/2022,Nguyen Van A chuyen tien,-471511,Withdraw
3/2/2022,Nguyen Van A chuyen tien,525899,Deposit
3/2/2022,Nguyen Van A chuyen tien,-84053,Withdraw
3/2/2022,Nguyen Van A chuyen tien,-739446,Withdraw
3/2/2022,Nguyen Van A chuyen tien,889430,Deposit
3/2/2022,Nguyen Van A chuyen tien,119601,Deposit
3/2/2022,Nguyen Van A chuyen tien,-405911,Withdraw
3/2/2022,Nguyen Van A chuyen tien,930936,Deposit
3/2/2022,Nguyen Van A chuyen tien,985207,Deposit
3/2/2022,Nguyen Van A chuyen tien,-781322,Withdraw
3/2/2022,Nguyen Van A chuyen tien,-553183,Withdraw
3/2/2022,Nguyen Van A chuyen tien,-327475,Withdraw
3/2/2022,Nguyen Van A chuyen tien,2498,Deposit
3/2/2022,Nguyen Van A chuyen tien,-755101,Withdraw
3/2/2022,Nguyen Van A chuyen tien,-1129980,Withdraw
3/2/2022,Nguyen Van A chuyen tien,-187972,Withdraw
3/2/2022,Nguyen Van A chuyen tien,-1190258,Withdraw
3/2/2022,Nguyen Van A chuyen tien,-1178623,Withdraw
3/2/2022,Nguyen Van A chuyen tien,1364793,Deposit
3/2/2022,Nguyen Van A chuyen tien,-959778,Withdraw
3/2/2022,Nguyen Van A chuyen tien,-569113,Withdraw
3/2/2022,Nguyen Van A chuyen tien,909762,Deposit
3/2/2022,Nguyen Van A chuyen tien,-1011823,Withdraw
3/2/2022,Nguyen Van A chuyen tien,-1346983,Withdraw
3/2/2022,Nguyen Van A chuyen tien,-830321,Withdraw
3/2/2022,Nguyen Van A chuyen tien,-1134975,Withdraw
3/2/2022,Nguyen Van A chuyen tien,93740,Deposit
3/2/2022,Nguyen Van A chuyen tien,367651,Deposit
3/2/2022,Nguyen Van A chuyen tien,878153,Deposit
3/2/2022,Nguyen Van A chuyen tien,766164,Deposit
3/2/2022,Nguyen Van A chuyen tien,485971,Deposit
3/2/2022,Nguyen Van A chuyen tien,-986238,Withdraw
3/2/2022,Nguyen Van A chuyen tien,818160,Deposit
3/2/2022,Nguyen Van A chuyen tien,931086,Deposit
3/2/2022,Nguyen Van A chuyen tien,264978,Deposit
3/2/2022,Nguyen Van A chuyen tien,-737606,Withdraw
3/2/2022,Nguyen Van A chuyen tien,-367881,Withdraw
3/2/2022,Nguyen Van A chuyen tien,-971744,Withdraw
3/2/2022,Nguyen Van A chuyen tien,549678,Deposit
3/2/2022,Nguyen Van A chuyen tien,-659534,Withdraw
3/2/2022,Nguyen Van A chuyen tien,977754,Deposit
3/2/2022,Nguyen Van A chuyen tien,-1190499,Withdraw
3/2/2022,Nguyen Van A chuyen tien,339468,Deposit
3/2/2022,Nguyen Van A chuyen tien,-202787,Withdraw
3/2/2022,Nguyen Van A chuyen tien,-1449431,Withdraw
3/2/2022,Nguyen Van A chuyen tien,570426,Deposit
3/2/2022,Nguyen Van A chuyen tien,1128931,Deposit
3/2/2022,Nguyen Van A chuyen tien,-263690,Withdraw
3/2/2022,Nguyen Van A chuyen tien,-677289,Withdraw
3/2/2022,Nguyen Van A chuyen tien,39206,Deposit
3/2/2022,Nguyen Van A chuyen tien,-184927,Withdraw
3/2/2022,Nguyen Van A chuyen tien,1194808,Deposit
3/2/2022,Nguyen Van A chuyen tien,-481619,Withdraw
3/2/2022,Nguyen Van A chuyen tien,751622,Deposit
3/2/2022,Nguyen Van A chuyen tien,1187632,Deposit
3/2/2022,Nguyen Van A chuyen tien,1213834,Deposit
3/2/2022,Nguyen Van A chuyen tien,-1065117,Withdraw
3/2/2022,Nguyen Van A chuyen tien,-85777,Withdraw
3/2/2022,Nguyen Van A chuyen tien,648701,Deposit
3/2/2022,Nguyen Van A chuyen tien,-208241,Withdraw
3/2/2022,Nguyen Van A chuyen tien,1192537,Deposit
3/2/2022,Nguyen Van A chuyen tien,1421039,Deposit
3/2/2022,Nguyen Van A chuyen tien,-900906,Withdraw
3/2/2022,Nguyen Van A chuyen tien,989509,Deposit
3/2/2022,Nguyen Van A chuyen tien,-942488,Withdraw
3/2/2022,Nguyen Van A chuyen tien,-1444221,Withdraw
3/2/2022,Nguyen Van A chuyen tien,1334170,Deposit
3/2/2022,Nguyen Van A chuyen tien,-851632,Withdraw
3/2/2022,Nguyen Van A chuyen tien,506106,Deposit
3/2/2022,Nguyen Van A chuyen tien,-105383,Withdraw
3/2/2022,Nguyen Van A chuyen tien,-1112076,Withdraw
3/2/2022,Nguyen Van A chuyen tien,1335035,Deposit
3/2/2022,Nguyen Van A chuyen tien,-1326980,Withdraw
3/2/2022,Nguyen Van A chuyen tien,-1326966,Withdraw
3/2/2022,Nguyen Van A chuyen tien,1392519,Deposit
3/2/2022,Nguyen Van A chuyen tien,412111,Deposit
3/2/2022,Nguyen Van A chuyen tien,647071,Deposit
3/2/2022,Nguyen Van A chuyen tien,-340694,Withdraw
3/2/2022,Nguyen Van A chuyen tien,396585,Deposit
3/2/2022,Nguyen Van A chuyen tien,-144313,Withdraw
3/2/2022,Nguyen Van A chuyen tien,-612060,Withdraw
3/2/2022,Nguyen Van A chuyen tien,243632,Deposit
3/2/2022,Nguyen Van A chuyen tien,-504087,Withdraw
3/2/2022,Nguyen Van A chuyen tien,108232,Deposit
3/2/2022,Nguyen Van A chuyen tien,793364,Deposit
3/2/2022,Nguyen Van A chuyen tien,841804,Deposit
3/2/2022,Nguyen Van A chuyen tien,654643,Deposit
3/2/2022,Nguyen Van A chuyen tien,-1276861,Withdraw
3/2/2022,Nguyen Van A chuyen tien,1420407,Deposit
3/2/2022,Nguyen Van A chuyen tien,605358,Deposit
3/2/2022,Nguyen Van A chuyen tien,304370,Deposit
3/2/2022,Nguyen Van A chuyen tien,38177,Deposit
3/2/2022,Nguyen Van A chuyen tien,-987675,Withdraw
3/2/2022,Nguyen Van A chuyen tien,-170673,Withdraw
3/2/2022,Nguyen Van A chuyen tien,-314850,Withdraw
3/2/2022,Nguyen Van A chuyen tien,1450986,Deposit
3/2/2022,Nguyen Van A chuyen tien,372005,Deposit
3/2/2022,Nguyen Van A chuyen tien,884117,Deposit
3/2/2022,Nguyen Van A chuyen tien,903834,Deposit
3/2/2022,Nguyen Van A chuyen tien,442096,Deposit
3/2/2022,Nguyen Van A chuyen tien,1165793,Deposit
3/2/2022,Nguyen Van A chuyen tien,279450,Deposit
3/2/2022,Nguyen Van A chuyen tien,1317515,Deposit
3/2/2022,Nguyen Van A chuyen tien,-942586,Withdraw
3/2/2022,Nguyen Van A chuyen tien,1348267,Deposit
3/2/2022,Nguyen Van A chuyen tien,-874166,Withdraw
3/2/2022,Nguyen Van A chuyen tien,-785197,Withdraw
3/2/2022,Nguyen Van A chuyen tien,3010,Deposit
3/2/2022,Nguyen Van A chuyen tien,1437739,Deposit
3/2/2022,Nguyen Van A chuyen tien,-112959,Withdraw
3/2/2022,Nguyen Van A chuyen tien,1223734,Deposit
3/2/2022,Nguyen Van A chuyen tien,-1336429,Withdraw
3/2/2022,Nguyen Van A chuyen tien,-279157,Withdraw
3/2/2022,Nguyen Van A chuyen tien,-257875,Withdraw
3/2/2022,Nguyen Van A chuyen tien,511349,Deposit
3/2/2022,Nguyen Van A chuyen tien,-311304,Withdraw
3/2/2022,Nguyen Van A chuyen tien,-511733,Withdraw
3/2/2022,Nguyen Van A chuyen tien,722208,Deposit
3/2/2022,Nguyen Van A chuyen tien,710605,Deposit
3/2/2022,Nguyen Van A chuyen tien,1343870,Deposit
3/2/2022,Nguyen Van A chuyen tien,849943,Deposit
3/2/2022,Nguyen Van A chuyen tien,980536,Deposit
3/2/2022,Nguyen Van A chuyen tien,-631897,Withdraw
3/2/2022,Nguyen Van A chuyen tien,528148,Deposit
3/2/2022,Nguyen Van A chuyen tien,219445,Deposit
3/2/2022,Nguyen Van A chuyen tien,-1414863,Withdraw
3/2/2022,Nguyen Van A chuyen tien,-1317667,Withdraw
3/2/2022,Nguyen Van A chuyen tien,-1245093,Withdraw
3/2/2022,Nguyen Van A chuyen tien,510871,Deposit
3/2/2022,Nguyen Van A chuyen tien,821461,Deposit
3/2/2022,Nguyen Van A chuyen tien,1348149,Deposit
3/2/2022,Nguyen Van A chuyen tien,1237594,Deposit
3/2/2022,Nguyen Van A chuyen tien,-697907,Withdraw
3/2/2022,Nguyen Van A chuyen tien,-558934,Withdraw
3/2/2022,Nguyen Van A chuyen tien,483686,Deposit
3/2/2022,Nguyen Van A chuyen tien,-895566,Withdraw
3/2/2022,Nguyen Van A chuyen tien,164183,Deposit
3/2/2022,Nguyen Van A chuyen tien,932362,Deposit
3/2/2022,Nguyen Van A chuyen tien,538798,Deposit
3/2/2022,Nguyen Van A chuyen tien,884339,Deposit
3/2/2022,Nguyen Van A chuyen tien,125771,Deposit
3/2/2022,Nguyen Van A chuyen tien,873010,Deposit
3/2/2022,Nguyen Van A chuyen tien,-88567,Withdraw
3/2/2022,Nguyen Van A chuyen tien,-1150927,Withdraw
3/2/2022,Nguyen Van A chuyen tien,-843557,Withdraw
3/2/2022,Nguyen Van A chuyen tien,873330,Deposit
3/2/2022,Nguyen Van A chuyen tien,-1329031,Withdraw
3/2/2022,Nguyen Van A chuyen tien,1484826,Deposit
3/2/2022,Nguyen Van A chuyen tien,308163,Deposit
3/2/2022,Nguyen Van A chuyen tien,1206699,Deposit
3/2/2022,Nguyen Van A chuyen tien,-404456,Withdraw
3/2/2022,Nguyen Van A chuyen tien,-365947,Withdraw
3/2/2022,Nguyen Van A chuyen tien,916325,Deposit
3/2/2022,Nguyen Van A chuyen tien,-794988,Withdraw
3/2/2022,Nguyen Van A chuyen tien,-340593,Withdraw
3/2/2022,Nguyen Van A chuyen tien,627179,Deposit
3/2/2022,Nguyen Van A chuyen tien,1078475,Deposit
